[
  {
    "id": "1",
    "title": "Title",
    "author": "Рей Бредберри",
    "path": "http://img2.joyreactor.cc/pics/post/art-Sylvain-Sarrailh-artist-%D0%BF%D0%B5%D0%B9%D0%B7%D0%B0%D0%B6-5504716.jpeg",
    "min_step": "10",
    "max_step": "15",
    "info": "dftfgffgg",
    "price": "1000",
    "year": "2021"
  },
  {
    "id": "2",
    "title": "Как я вижу себя за лабами",
    "author": "Epifanyi",
    "path": "http://img2.joyreactor.cc/pics/post/%D0%BA%D1%80%D0%B0%D1%81%D0%B8%D0%B2%D1%8B%D0%B5-%D0%BA%D0%B0%D1%80%D1%82%D0%B8%D0%BD%D0%BA%D0%B8-art-Tonton-Revolver-%D0%BF%D1%80%D0%BE%D0%B3%D1%80%D0%B0%D0%BC%D0%BC%D0%B8%D1%81%D1%82-2886925.jpeg",
    "min_step": "5",
    "max_step": "100",
    "info": "Сюда надо потом что-то написать годное 2",
    "price": "200",
    "year": "2000"
  },
  {
    "id": "3",
    "title": "Как я выгляжу на самом деле за лабами",
    "author": "Demon",
    "path": "https://kartinkin.net/uploads/posts/2021-07/thumbs/1626906574_17-kartinkin-com-p-anime-paren-za-kompom-anime-krasivo-20.jpg",
    "min_step": "15",
    "max_step": "2000",
    "info": "Сюда надо потом что-то написать годное 3",
    "price": "200",
    "year": "2000"
  },
  {
    "id": "4",
    "title": "Чёткий котэ",
    "author": "Димасик",
    "path": "http://sun9-81.userapi.com/s/v1/ig2/D3r0uxLYycMoT6LIxDkxocJXIBq6ruCHidXAKxbDT36YdCDsHcXVmvj_H5C3kNUVRar31z2ExBJhIQ2kFixET8gl.jpg?size=200x200&quality=96&crop=10,0,950,950&ava=1",
    "min_step": "10",
    "max_step": "100",
    "info": "Как ты себя будешь чувствовать, когда сдашь все лабы",
    "price": "200",
    "year": "2019"
  },
  {
    "id": "5",
    "title": "Замок Хаула",
    "author": "Хаяо Миядзаки",
    "path": "https://www.dhresource.com/0x0/f2/albu/g10/M00/46/6D/rBVaVlv2glSAamL4AAfJue-T8MA091.jpg",
    "min_step": "10",
    "max_step": "100",
    "info": "Ходячий замок Хаула",
    "price": "1000",
    "year": "2000"
  }
]