[{
  "id": "1",
  "title": "Мемуары Гейши",
  "author": "Артур Голден",
  "availability": "Есть в наличии",
  "date_return": "-",
  "year": "1997",
  "name": "-"
  },
  {
    "id": "2",
    "title": "Ромео и Джульетта",
    "author": "Уильям Шекспир",
    "availability": "Нет в наличии",
    "date_return": "2021-11-27",
    "year": "1597",
    "name": "Лариса"
  },
  {
    "id": "3",
    "title": "Евгений Онегин",
    "author": "А.С. Пушкин",
    "availability": "Есть в наличии",
    "date_return": "-",
    "year": "1833",
    "name": "-"
  },
  {
    "id": "4",
    "title": "Партизанка Лара",
    "author": "Н.А. Надеждина",
    "availability": "Нет в наличии",
    "date_return": "2021-11-23",
    "year": "1963",
    "name": "Иван"
  }
]