{"frames":{"player_w2":{"frame":{"x":23,"y":140,"w":28,"h":34},"rotated":false,"trimmed":false,"spriteSourceSize":{"x":0,"y":0,"w":28,"h":34},"sourceSize":{"w":28,"h":34}},"player_w3":{"frame":{"x":50,"y":70,"w":28,"h":34},"rotated":false,"trimmed":false,"spriteSourceSize":{"x":0,"y":0,"w":28,"h":34},"sourceSize":{"w":28,"h":34}},"player_s3":{"frame":{"x":132,"y":35,"w":28,"h":34},"rotated":false,"trimmed":false,"spriteSourceSize":{"x":0,"y":0,"w":28,"h":34},"sourceSize":{"w":28,"h":34}},"player_a2":{"frame":{"x":25,"y":70,"w":24,"h":34},"rotated":false,"trimmed":false,"spriteSourceSize":{"x":0,"y":0,"w":24,"h":34},"sourceSize":{"w":24,"h":34}},"player_w1":{"frame":{"x":132,"y":0,"w":28,"h":34},"rotated":false,"trimmed":false,"spriteSourceSize":{"x":0,"y":0,"w":28,"h":34},"sourceSize":{"w":28,"h":34}},"player_s2":{"frame":{"x":132,"y":70,"w":28,"h":34},"rotated":false,"trimmed":false,"spriteSourceSize":{"x":0,"y":0,"w":28,"h":34},"sourceSize":{"w":28,"h":34}},"player_s1":{"frame":{"x":52,"y":140,"w":28,"h":34},"rotated":false,"trimmed":false,"spriteSourceSize":{"x":0,"y":0,"w":28,"h":34},"sourceSize":{"w":28,"h":34}},"player_a3":{"frame":{"x":25,"y":105,"w":24,"h":34},"rotated":false,"trimmed":false,"spriteSourceSize":{"x":0,"y":0,"w":24,"h":34},"sourceSize":{"w":24,"h":34}},"enemy_s2":{"frame":{"x":79,"y":70,"w":28,"h":34},"rotated":false,"trimmed":false,"spriteSourceSize":{"x":0,"y":0,"w":28,"h":34},"sourceSize":{"w":28,"h":34}},"player_d2":{"frame":{"x":119,"y":140,"w":24,"h":34},"rotated":false,"trimmed":false,"spriteSourceSize":{"x":0,"y":0,"w":24,"h":34},"sourceSize":{"w":24,"h":34}},"player_d3":{"frame":{"x":106,"y":105,"w":24,"h":34},"rotated":false,"trimmed":false,"spriteSourceSize":{"x":0,"y":0,"w":24,"h":34},"sourceSize":{"w":24,"h":34}},"player_d1":{"frame":{"x":0,"y":70,"w":24,"h":34},"rotated":false,"trimmed":false,"spriteSourceSize":{"x":0,"y":0,"w":24,"h":34},"sourceSize":{"w":24,"h":34}},"player_a1":{"frame":{"x":0,"y":105,"w":24,"h":34},"rotated":false,"trimmed":false,"spriteSourceSize":{"x":0,"y":0,"w":24,"h":34},"sourceSize":{"w":24,"h":34}},"fireleft":{"frame":{"x":27,"y":0,"w":16,"h":15},"rotated":false,"trimmed":false,"spriteSourceSize":{"x":0,"y":0,"w":16,"h":15},"sourceSize":{"w":16,"h":15}},"fireup":{"frame":{"x":27,"y":16,"w":15,"h":16},"rotated":false,"trimmed":false,"spriteSourceSize":{"x":0,"y":0,"w":15,"h":16},"sourceSize":{"w":15,"h":16}},"firedown":{"frame":{"x":144,"y":140,"w":15,"h":16},"rotated":false,"trimmed":false,"spriteSourceSize":{"x":0,"y":0,"w":15,"h":16},"sourceSize":{"w":15,"h":16}},"buff":{"frame":{"x":144,"y":157,"w":14,"h":15},"rotated":false,"trimmed":false,"spriteSourceSize":{"x":0,"y":0,"w":14,"h":15},"sourceSize":{"w":14,"h":15}},"debuff":{"frame":{"x":108,"y":70,"w":14,"h":13},"rotated":false,"trimmed":false,"spriteSourceSize":{"x":0,"y":0,"w":14,"h":13},"sourceSize":{"w":14,"h":13}},"fireright":{"frame":{"x":108,"y":84,"w":16,"h":15},"rotated":false,"trimmed":false,"spriteSourceSize":{"x":0,"y":0,"w":16,"h":15},"sourceSize":{"w":16,"h":15}},"portal":{"frame":{"x":67,"y":0,"w":64,"h":64},"rotated":false,"trimmed":false,"spriteSourceSize":{"x":0,"y":0,"w":64,"h":64},"sourceSize":{"w":64,"h":64}}},"meta":{"app":"https://www.leshylabs.com/apps/sstool/","version":"Leshy SpriteSheet Tool v0.8.4","image":"spritesheet.png","size":{"w":160,"h":174},"scale":1}}